,UserID
0,3826549639
1,3826515259
2,3900551314
3,3900442161
4,3236385909
5,2945840241
6,3826252452
7,3900543502
8,3900527542
9,3900547582
10,3826475114
11,3826520593
12,3900422427
13,3900530776
14,3826390998
15,3900156196
16,3826305678
17,3737386873
18,3900480809
19,3900446476
20,3900457961
21,3826376185
22,3826359852
23,3826470314
24,3900415311
25,3320047261
26,3826457593
27,3900447737
28,3826227260
29,18774450
30,3900443657
31,3826507273
32,3900496618
33,3826430834
34,3826212554
35,3900428729
36,3900476920
37,3900411557
38,3900359199
39,3900359967
40,2418982016
41,3900329235
42,3900374895
43,3900498016
44,3899919741
45,3826478233
46,3900378873
47,3351729033
48,3900001211
49,3826341132
50,3892431437
51,3826400894
52,3900349773
53,3900448120
54,3900421589
55,3826446613
56,3826428193
57,3900411263
58,1000862468
59,3900408347
60,1510704427
61,3900352227
62,3826254912
63,3900380123
64,3825969372
65,3900347895
66,3900310287
67,3900446128
68,3826371080
69,3826426873
70,3900318675
71,3900213256
72,3826334594
73,3900389777
74,3826250178
75,3826330274
76,3826377440
77,3900337041
78,3826361294
79,3826352714
80,3826257198
81,3826255164
82,3826282332
83,3826332854
84,3826338206
85,3900304953
86,3826249692
87,3826350320
88,3826380373
89,3826348274
90,3900427042
91,3900361811
92,3826333940
93,3900295779
94,3900277875
95,3041675407
96,3900397474
97,3900327683
98,3826315874
99,3900328217
100,2698560644
101,3826353253
102,3826230678
103,3900334397
104,3900405634
105,3826205664
106,3900291495
107,3900270401
108,3826329739
109,3895884563
110,3900274695
111,3900391594
112,3900322241
113,3900278421
114,3900369808
115,3826313773
116,3826193778
117,3826303573
118,3900374296
119,3826304893
120,3826251734
121,3900301991
122,3900289997
123,3900267736
124,3826172472
125,3191463992
126,3826249574
127,1126209649
128,3826297873
129,532482498
130,1627896865
131,3900264923
132,3900226521
133,3826277719
134,3900215734
135,1005616742
136,1864880455
137,3900276347
138,3826285813
139,3826153212
140,3826272319
141,3900277073
142,3826166892
143,3826208294
144,3900252161
145,3826152678
146,3900314602
147,3900290356
148,3900262577
149,3900194547
150,3900190641
151,3900308374
152,3900263057
153,3900314248
154,3900245069
155,3826123818
156,3900195339
157,3900311836
158,3826248433
159,3826120524
160,3826189754
161,3900197919
162,3826164860
163,3900179307
164,3826219879
165,3825750074
166,3900112581
167,3826008852
168,3826088352
169,3900284356
170,3900263422
171,3900273448
172,3900145899
173,3900215669
174,3900184577
175,3826127354
176,3779183472
177,3892925153
178,1619616054
179,3900238522
180,3046570669
181,3900246388
182,3826056732
183,3900213148
184,3826148653
185,3826102454
186,3900232888
187,3900221554
188,3900211456
189,390164490
190,3653803274
191,2908798158
192,3826076774
193,3826127113
194,3900094833
195,3826146553
196,3251759146
197,3826101193
198,3826092493
199,3900212008
200,3826076654
201,3900072267
202,3826078334
203,3826104313
204,3825973452
205,3825961272
206,3900123533
207,3462938475
208,3788705968
209,3900073767
210,3900172774
211,3664511358
212,3826079653
213,3826039100
214,3900049461
215,3900033099
216,3900045387
217,3826017014
218,3900061217
219,3826012940
220,3826006274
221,3900135508
222,3900084983
223,3900028545
224,3900022647
225,475892678
226,3351057231
227,3826037293
228,125449775
229,3900075173
230,3900023775
231,3826029313
232,3900143896
233,3900014433
234,3825839052
235,3900097348
236,3249376253
237,3826046473
238,3825889152
239,3899888193
240,3900045269
241,3825968480
242,3900033383
243,3900076336
244,3825943394
245,3900108874
246,3899988501
247,3899994435
248,3825872652
249,3825940934
250,3899981655
251,3825955040
252,3825863472
253,2996807805
254,3900065578
255,3825943526
256,3900055894
257,3899772375
258,3825821952
259,3899935887
260,3900061948
261,3899984417
262,2880206431
263,3825912614
264,3899959511
265,3899974703
266,3825817932
267,3077059364
268,2321874657
269,3825852554
270,3825949159
271,2897350585
272,3825883214
273,3899931027
274,3899590414
275,3662329517
276,3899806042
277,3825886574
278,3226157008
279,3899887455
280,3825875654
281,3899980132
282,1041287190
283,3891385881
284,3739485135
285,3825906073
286,3825781938
287,3369644812
288,3899907759
289,3899959457
290,3899955983
291,3825755052
292,3899913213
293,3825689712
294,3899986378
295,3825768252
296,3825839534
297,3899996422
298,3899972062
299,3899942417
300,3899878587
301,3899870595
302,3825815594
303,3825746958
304,3825860473
305,2243107673
306,3825806780
307,3899990236
308,3899882657
309,3825731712
310,3825817034
311,3899849901
312,3231694148
313,3051537816
314,3899967916
315,3899911162
316,3899952256
317,2619413985
318,3899682917
319,3899958574
320,3899887943
321,3825758780
322,3683252053
323,3899851529
324,3825819379
325,3825739220
326,3825520736
327,3899755227
328,3825752714
329,3899734395
330,3825664758
331,3825680652
332,3825761054
333,3825661692
334,3825783433
335,3825794119
336,3899860175
337,3899910148
338,3899907556
339,3474825562
340,3423376798
341,3899840723
342,3899778501
343,3899899708
344,3899773047
345,3899788635
346,3825776539
347,3825771373
348,3825569598
349,3825628152
350,3825689534
351,3899894890
352,3825762259
353,3899750181
354,3899817545
355,3825613092
356,3899775645
357,3899802202
358,3899758095
359,3899792375
360,3899733615
361,3899810189
362,3825740533
363,3899752899
364,3824354359
365,3825475056
366,3825563592
367,3825453374
368,3899710341
369,2357474803
370,3825713119
371,3825591852
372,3899768483
373,3899702667
374,3899775695
375,3899676201
376,3899721749
377,3825637273
378,3899749763
379,3899764295
380,3899770354
381,3899807188
382,776106
383,3899803168
384,3899807302
385,3825601514
386,3825533832
387,3899789122
388,3899211075
389,3899808202
390,3899687295
391,3899794948
392,3899774902
393,3825622999
394,3899715803
395,3825510312
396,3313685313
397,3899656755
398,3825606019
399,2344862713
400,3899739898
401,3290082868
402,3686018897
403,3899762896
404,3899685107
405,3825485604
406,3899611407
407,3825562394
408,3889771636
409,3825542132
410,3899756428
411,1119367718
412,3899667742
413,3899724862
414,3825449892
415,3899599095
416,2749858248
417,3825597913
418,3899585121
419,3899668709
420,3899603357
421,135626245
422,3602865913
423,3899635589
424,3825504272
425,3825552733
426,3899649701
427,3825433710
428,3899613941
429,3792449294
430,3899695768
431,3825492434
432,3899664886
433,3825565699
434,3825422598
435,3899582205
436,3602453174
437,3825534559
438,3823375692
439,1147197642
440,3899684122
441,3899547119
442,3825393090
443,3899610137
444,3899556507
445,3899546559
446,3825451160
447,3898579336
448,3666978081
449,3825483973
450,3825443894
451,3366231526
452,1338981523
453,3899644462
454,3899618320
455,3899652856
456,3899588135
457,3899543139
458,3899507385
459,3825364392
460,3899598149
461,3825453380
462,3899556029
463,3899663428
464,3899651896
465,3825416894
466,3825369612
467,3825332112
468,3899442393
469,3899580641
470,3899366067
471,3899588117
472,3825444325
473,3899647366
474,3825470053
475,3832845495
476,3825447373
477,1092488220
478,3825384374
479,3899507397
480,157654370
481,1142055038
482,3825238034
483,197435971
484,3899491461
485,348333907
486,3825415693
487,3677200101
488,3888689417
489,3899564356
490,3899462601
491,3825368354
492,3899591986
493,3899291481
494,3899504909
495,3899548588
496,3899460915
497,3825257778
498,3825345494
499,3899444715
500,3899563588
501,3825364939
502,3899501117
503,3703459280
504,3825229512
505,3899534026
506,3899468429
507,3899400813
508,3825354919
509,3825218832
510,3899454982
511,3825259454
512,3899456477
513,3825349333
514,3899519782
515,3825294914
516,3899457689
517,3825211646
518,3899373795
519,3899411895
520,3899386515
521,3825312013
522,3825275714
523,3899355129
524,262509699
525,3899384715
526,3899455528
527,3825250694
528,3899404714
529,3825290479
530,3825311419
531,3899479042
532,3899444117
533,3899491222
534,3825252194
535,3825301399
536,3899380138
537,3899366361
538,391577598
539,3899423963
540,3702363493
541,3899478448
542,3899410307
543,3884433275
544,2250783525
545,3825214220
546,3899432704
547,3895783995
548,3899450896
549,464299020
550,3825143298
551,3825094590
552,3825212786
553,3825255133
554,3825251845
555,3825255979
556,3899386709
557,3825113352
558,3899371283
559,3899378309
560,3825235753
561,3899439982
562,3899328435
563,3899369999
564,3899197887
565,3899357789
566,3899366597
567,3899363597
568,3899372843
569,3825081132
570,3825134174
571,3825088632
572,3825074424
573,3899421286
574,3814595540
575,3899415916
576,3825174194
577,3899362337
578,3899319209
579,3825050964
580,3899332337
581,3899326883
582,3899289447
583,3899299469
584,3880296754
585,3825191473
586,3899277321
587,3899273001
588,3825183019
589,3899300945
590,3899265435
591,3336764118
592,3899259021
593,420659632
594,3899253027
595,3894587553
596,3468587123
597,3825028398
598,3899305949
599,3899240295
600,3899297183
601,3825114500
602,3824931678
603,3899293961
604,3825135013
605,353570226
606,3899290703
607,3899238753
608,2945442777
609,360536636
610,3825139099
611,3825124939
612,3899258921
613,2747816473
614,3407137558
615,3824825774
616,3899182395
617,3899274748
618,1489515978
619,3899305516
620,3899122283
621,1911040753
622,3824971940
623,3825030554
624,3899183361
625,3825060253
626,3899179035
627,406116433
628,3899177727
629,3899264332
630,27679889
631,2545100863
632,93847351
633,3824913438
634,49010893
635,3825053353
636,3899280868
637,3899220773
638,3825052819
639,3899062959
640,3899199017
641,3825031273
642,3308347713
643,3899138433
644,3899122275
645,3824977820
646,3899140173
647,3219621750
648,3824875332
649,3899209276
650,3825003853
651,3824379374
652,3814847599
653,3899242762
654,3899119155
655,3898947315
656,3899083461
657,3898992387
658,3824848152
659,3899206600
660,3899143457
661,519998069
662,3824781932
663,3824836938
664,3824919494
665,3899043981
666,3776508132
667,3899124323
668,3899133515
669,3899189116
670,3899108243
671,2592297497
672,3899167252
673,3899111237
674,3899179528
675,3899089085
676,3824820734
677,3899095121
678,1267233470
679,3824853073
680,3899095115
681,3898961181
682,3824568552
683,3235158282
684,3899076449
685,3743003601
686,3837657737
687,486375529
688,3242324780
689,3899131582
690,49079085
691,3899131636
692,3898974981
693,3898970439
694,3899110576
695,3898989435
696,3822238332
697,3899054723
698,3899099716
699,3143274859
700,3899025923
701,3824780894
702,3824748314
703,3824746694
704,3898969647
705,3824801113
706,3824765474
707,3824690412
708,3824680212
709,3899064040
710,3898881291
711,3824808253
712,3898909935
713,3898946421
714,612588663
715,3824802673
716,3824664252
717,3898997627
718,3898981877
719,3824648172
720,3824670672
721,3899052628
722,3898907625
723,3824632992
724,3898911417
725,3898919927
726,3895637481
727,3898902015
728,3824747353
729,3824711054
730,3824700200
731,3899023576
732,574120506
733,1138603544
734,3898943783
735,3824712013
736,3824605932
737,3824609352
738,3819631573
739,3898939103
740,3824647874
741,3898860675
742,3898852395
743,3898874055
744,2877641851
745,3824593872
746,3898920737
747,3824661554
748,3892192655
749,3898924523
750,3898833975
751,3898834521
752,3898908863
753,3898965184
754,3824497760
755,3898937056
756,3226996281
757,3898848021
758,375551337
759,3813953240
760,3824629574
761,3824087893
762,3898877363
763,3824664853
764,3898926076
765,3824589740
766,2883491957
767,3824645305
768,39780929
769,3898666035
770,3898851509
771,3898890268
772,3824653213
773,3898785807
774,3898813101
775,2790375452
776,3898897522
777,3898797735
778,3824623759
779,3618929777
780,3898768335
781,3824475138
782,3898832537
783,388766821
784,3898865956
785,3824535614
786,3824578273
787,3824590885
788,3178102669
789,3898691963
790,3824445432
791,3824400738
792,3898811057
793,3898750731
794,3694500016
795,3898808795
796,3898855000
797,3898816102
798,3824494394
799,3824398398
800,3824563393
801,3824529134
802,3824433678
803,3898723707
804,3824499014
805,3824559199
806,3898819522
807,3054965361
808,3893267356
809,3824410692
810,3898775783
811,3898839436
812,3824519593
813,3898651215
814,3898798696
815,3898768361
816,3898706079
817,3851484034
818,3824403554
819,3898388861
820,3824384838
821,3898811836
822,3824356645
823,529631539
824,3812150234
825,3898753343
826,3701945601
827,3898728485
828,134146649
829,3824368512
830,3898728977
831,3898730417
832,3898788376
833,3824411954
834,3898685955
835,3824473993
836,3824422634
837,3824343018
838,3898788616
839,3824475373
840,3824396954
841,3824431820
842,3898645809
843,3824348593
844,3824297232
845,3824396594
846,3898715326
847,3824437699
848,2611844368
849,3793007354
850,3824307972
851,3898723300
852,3898745056
853,3898623093
854,3898672223
855,3898544721
856,3898590507
857,3824374814
858,3824283732
859,3824420053
860,3824283684
861,3824256498
862,3241388814
863,3824404393
864,3824267532
865,3898718896
866,3898705822
867,3824277313
868,3898582893
869,3898719916
870,3898604619
871,3824392093
872,3824240532
873,3898556025
874,3898695112
875,3898687522
876,3898568001
877,3898663342
878,3824335873
879,3824371453
880,3824242452
881,3399814162
882,3456387554
883,3898578015
884,3898592009
885,3824226192
886,3898558575
887,955721058
888,3898550367
889,3824303534
890,3824220252
891,3898655842
892,3898670200
893,3898192587
894,3898513473
895,3898607849
896,3898558041
897,3824317453
898,1341659300
899,3898644016
900,3824340493
901,3898542279
902,3768904461
903,3198237765
904,3898655656
905,3824306773
906,1487555929
907,3898521813
908,2364437729
909,3824261954
910,3898524627
911,3824235974
912,3898495305
913,3898620448
914,3898630420
915,3898623130
916,3898516395
917,3898504257
918,3898543901
919,3639030917
920,3898490355
921,3824230574
922,3898485681
923,3898586980
924,497682488
925,3824215820
926,3898595350
927,3824196194
928,3898467321
929,3312449778
930,3898452051
931,3898558096
932,3824210173
933,3898574254
934,3824178373
935,3570671417
936,3898564576
937,3510481643
938,3898213653
939,3898423287
940,3824089332
941,3898531174
942,3898346423
943,3898409133
944,3363692110
945,3824051412
946,3824014812
947,3898364177
948,2875447263
949,3824022804
950,3824018592
951,3898501222
952,3824018112
953,345842450
954,3824104934
955,2526689396
956,3465087312
957,3898363515
958,3824043434
959,3898364307
960,3898347855
961,3824075659
962,3059945027
963,3823988538
964,3824134333
965,3824100433
966,3898140267
967,3192315388
968,3898371497
969,3824083153
970,3898325007
971,1149227653
972,3898320605
973,3739160534
974,416698976
975,3898415902
976,3823858044
977,3824026814
978,3823943232
979,3898315371
980,3824030834
981,3898409422
982,3823768092
983,3898265949
984,3898287819
985,3898403002
986,3823960519
987,3823918512
988,3898334663
989,3898273875
990,3898255947
991,3823858032
992,3898263921
993,3823755192
994,356808222
995,3823944134
996,3823725012
997,3898238727
998,3898288427
999,114501671
1000,1052005580
1001,3898306696
1002,3823864394
1003,410737680
1004,3898160541
1005,3823919840
1006,108329071
1007,3898327906
1008,3823909094
1009,3898259789
1010,3898203075
1011,3823787712
1012,3898215677
1013,3823839493
1014,3898177521
1015,3898236983
1016,3823842560
1017,3823816573
1018,3355054077
1019,3898209395
1020,3898162653
1021,3898161215
1022,3898184363
1023,3823815674
1024,3823785074
1025,416150542
1026,3898239922
1027,3823691832
1028,1468371410
1029,3315883814
1030,3898134495
1031,3898168349
1032,3823841353
1033,3889113435
1034,3823710252
1035,3898196836
1036,3898010117
1037,3898160423
1038,3898156397
1039,3898128328
1040,3898128233
1041,3898105935
1042,3393797428
1043,3898129955
1044,3823721894
1045,3332183653
1046,3898085955
1047,3898186396
1048,3823754666
1049,3823650012
1050,3898193194
1051,3823595292
1052,3898086557
1053,3898077507
1054,3898097405
1055,3823699754
1056,3898160662
1057,3823693754
1058,3898006455
1059,3898158082
1060,3898033215
1061,3898085309
1062,3823726933
1063,3823597938
1064,3898133260
1065,3898036955
1066,3823603932
1067,3823369394
1068,3898067657
1069,3823718233
1070,3898036217
1071,3823695673
1072,3898062448
1073,3823565838
1074,3898051643
1075,3823579879
1076,3898063294
1077,3823653854
1078,3823702633
1079,3823638254
1080,3898089868
1081,3898096462
1082,3898093222
1083,3898039936
1084,3823673713
1085,3898029977
1086,3898015217
1087,3897960321
1088,3898034116
1089,3823515792
1090,476739348
1091,3897992075
1092,3823521318
1093,3823571420
1094,3823477872
1095,3897908727
1096,3891800549
1097,3897975202
1098,369646452
1099,3897972809
1100,3823614979
1101,3897920481
1102,2740959804
1103,3823611013
1104,3790481473
1105,3437629872
1106,3823484892
1107,3897963377
1108,3898007122
1109,3823534994
1110,3897899123
1111,3897897081
1112,3823581433
1113,3823437018
1114,3823501754
1115,3823568053
1116,3897833319
1117,3897875547
1118,3823431498
1119,3823441212
1120,3897741215
1121,3823473320
1122,3897926543
1123,3897866721
1124,3823536673
1125,3823464134
1126,3897972754
1127,3897845913
1128,3897914549
1129,3897839025
1130,3897931996
1131,3897839009
1132,3823330632
1133,3897887897
1134,3823524553
1135,3897793523
1136,3823465634
1137,271980023
1138,3897897917
1139,3823394052
1140,3823462814
1141,3897841155
1142,3897847997
1143,3823461434
1144,3823459333
1145,3823382292
1146,3823447513
1147,3897817995
1148,3897848579
1149,3897781161
1150,3823494499
1151,3431284359
1152,3897928636
1153,3897811407
1154,3823407014
1155,3823418654
1156,3897811875
1157,3897843677
1158,3823322592
1159,479244918
1160,12365842
1161,3823446613
1162,1677536634
1163,3823427713
1164,3897887794
1165,3823389794
1166,2830118630
1167,3823274832
1168,3823403053
1169,86105642
1170,3897832906
1171,3823282032
1172,3897718881
1173,3823353553
1174,3823188372
1175,3823374673
1176,3897819304
1177,1278199044
1178,3897793888
1179,3823250478
1180,3891598517
1181,3823324454
1182,3897678981
1183,3674403017
1184,3897812128
1185,3823297880
1186,3823230432
1187,3823275494
1188,3823342273
1189,2759268280
1190,3897800968
1191,3823223234
1192,3896270201
1193,3823253720
1194,3823274354
1195,3823109292
1196,3897666135
1197,3823265894
1198,3897669561
1199,3897757936
1200,3897650181
1201,3897715277
1202,3897685811
1203,3897575721
1204,3823237634
1205,2962767069
1206,3823225154
1207,3897586163
1208,3823140438
1209,3823137554
1210,3897602175
1211,3823155912
1212,3897662003
1213,3897664277
1214,2221470553
1215,3308782837
1216,3823194026
1217,3897636251
1218,3897615681
1219,3823209914
1220,3823248019
1221,3823191014
1222,2785385876
1223,3897717694
1224,3897645497
1225,3823122380
1226,3897634463
1227,3823100352
1228,3893237536
1229,3823193354
1230,3897648737
1231,3823080372
1232,3823086498
1233,3897467481
1234,3823176920
1235,3823098612
1236,3897693562
1237,3897596849
1238,3823076058
1239,262925720
1240,3823135874
1241,3897667882
1242,3897552195
1243,2856615946
1244,3897661996
1245,3897380657
1246,3823030572
1247,3823002372
1248,3823054452
1249,2991457829
1250,3823111574
1251,3897619216
1252,1954718612
1253,3823024458
1254,3897647416
1255,3897363683
1256,3897608188
1257,3032362228
1258,3897501435
1259,3823052534
1260,3823055474
1261,3897632068
1262,3897502953
1263,3897329597
1264,3823116733
1265,3823125559
1266,3897480627
1267,3897611674
1268,3897535997
1269,385355522
1270,3897536057
1271,3823083199
1272,546037371
1273,3897587080
1274,3822919158
1275,3823061533
1276,3897567748
1277,3823004594
1278,3897563062
1279,3897445767
1280,3823012706
1281,3897415397
1282,3897468293
1283,3897548776
1284,3897477197
1285,2891704193
1286,213267371
1287,3897550582
1288,3897533782
1289,3387615439
1290,3822899292
1291,3897416115
1292,3897373647
1293,3897459983
1294,3822953894
1295,3822981014
1296,3822859932
1297,3822868272
1298,3822953540
1299,3897396915
1300,3897509614
1301,2594380655
1302,3822930254
1303,3897493636
1304,171268323
1305,3897389903
1306,3897393797
1307,3822933194
1308,172291311
1309,3822927614
1310,3897468262
1311,3822910694
1312,3897304851
1313,3897348141
1314,3822801072
1315,3822947353
1316,3822808692
1317,3897401825
1318,3897444556
1319,1576781065
1320,3822761533
1321,3822866474
1322,3822859634
1323,3822765072
1324,3897367277
1325,3822774858
1326,3822772692
1327,3822856034
1328,3822756252
1329,3897346889
1330,3822877093
1331,3897414742
1332,3822873433
1333,3822820154
1334,3897355649
1335,3897370822
1336,3822814754
1337,3897222855
1338,3897338519
1339,3822713538
1340,3822730814
1341,3897170415
1342,3897260355
1343,3897333256
1344,3897237027
1345,3822753073
1346,3822664092
1347,3822749000
1348,32530043
1349,3224684475
1350,3896869395
1351,2170493253
1352,3897341518
1353,3897260903
1354,849992161
1355,342813549
1356,3897221073
1357,3822675912
1358,3897327676
1359,3897223515
1360,3822775633
1361,3822740294
1362,3822623358
1363,3822641712
1364,3822710714
1365,3822713054
1366,3896267969
1367,3897204885
1368,3897211883
1369,3822761713
1370,3897138141
1371,3822683114
1372,3822622938
1373,3897147885
1374,3897310342
1375,3897192033
1376,3897274948
1377,3897192706
1378,3897175041
1379,3822692894
1380,3822704960
1381,3822734293
1382,3897228323
1383,3897143541
1384,3822722299
1385,3822567852
1386,3897242794
1387,3822668126
1388,3897233416
1389,3897094959
1390,3897180077
1391,322736701
1392,3897235996
1393,3822698713
1394,3822579198
1395,1310866854
1396,3822693193
1397,3897117796
1398,3896352501
1399,3897123621
1400,2419254462
1401,3897234634
1402,3897109275
1403,3822531252
1404,3897204676
1405,3897101235
1406,3897206062
1407,3822512472
1408,3822514872
1409,3897183496
1410,3891740752
1411,3822496272
1412,3897074187
1413,3897076521
1414,3897170218
1415,3822481693
1416,3822562874
1417,3897130600
1418,3897044655
1419,3897039039
1420,3822575893
1421,3897101891
1422,3822586045
1423,3822438792
1424,3822540374
1425,3897125488
1426,3897100709
1427,3822532514
1428,3822540014
1429,3822443712
1430,3896995671
1431,3822566533
1432,3822479072
1433,3822551953
1434,3822440954
1435,3897021803
1436,3822341532
1437,3822479846
1438,3822454460
1439,104498774
1440,3822448694
1441,3822381972
1442,3822438979
1443,3896981367
1444,3822332952
1445,3896977461
1446,3896959641
1447,2274507579
1448,364702277
1449,3896894303
1450,3897071668
1451,3822438674
1452,3822361812
1453,353384430
1454,2496616956
1455,3896972356
1456,3822333734
1457,3588696083
1458,3822401780
1459,3822457813
1460,3822381914
1461,3896903661
1462,3896978855
1463,3822398834
1464,3822304272
1465,3820797811
1466,3897039130
1467,3822335778
1468,3822408553
1469,3896972729
1470,86715022
1471,3822403039
1472,121828926
1473,3896930957
1474,3822270492
1475,3820337893
1476,3822356233
1477,3822267138
1478,3822227052
1479,3896873307
1480,3896837121
1481,3822230112
1482,3896982616
1483,2586920575
1484,3822321194
1485,3890731173
1486,3822220872
1487,3893019035
1488,3896912908
1489,3822233052
1490,182765109
1491,3822252614
1492,3822146173
1493,3896888837
1494,3822309733
1495,3822344173
1496,3822323053
1497,3896832681
1498,3822335053
1499,3896824947
1500,3822273554
1501,3822192192
1502,3896924752
1503,3822257713
1504,3896907676
1505,3313407708
1506,3896902288
1507,3013548032
1508,3896763195
1509,3822158772
1510,3822123372
1511,2393421955
1512,548136447
1513,3896802983
1514,3822250033
1515,3822091933
1516,3896357955
1517,3822192434
1518,804938078
1519,3822177260
1520,211100861
1521,3896781317
1522,3883393595
1523,3896765717
1524,3896837032
1525,3822061572
1526,3892598303
1527,3822200959
1528,3896721861
1529,3822073872
1530,2613504306
1531,3822085333
1532,3896638599
1533,3896810776
1534,269524173
1535,3896811142
1536,3822116300
1537,3822183379
1538,3896652323
1539,2499939636
1540,3896721203
1541,3822004752
1542,3896626515
1543,3821947692
1544,3896690729
1545,3821971638
1546,3822114793
1547,3896571495
1548,800809369
1549,3896623697
1550,3821972124
1551,3822023713
1552,3822019280
1553,3822020174
1554,3822024620
1555,3896578935
1556,3896728756
1557,3821925132
1558,3821803032
1559,3822017666
1560,3896666122
1561,501396334
1562,3896574393
1563,3820078452
1564,1197646896
1565,2550992299
1566,3821710154
1567,442570061
1568,3896570379
1569,3821872992
1570,3821896638
1571,3821971574
1572,3821920034
1573,3821993353
1574,3896523741
1575,3821954845
1576,3896562221
1577,3821833272
1578,3348222538
1579,3821844318
1580,3459802462
1581,3821954833
1582,3821978953
1583,1645633873
1584,3821940793
1585,3821877734
1586,3858779775
1587,3896609008
1588,3560011582
1589,3896528657
1590,3821882714
1591,3821906893
1592,3821918419
1593,3821791992
1594,44305094
1595,3821834479
1596,2547194819
1597,3821818400
1598,3384591134
1599,3317747856
1600,3821908273
1601,3896553256
1602,3896493407
1603,3676920626
1604,2489261688
1605,3300427687
1606,3123202195
1607,3821884633
1608,3565987872
1609,3896478017
1610,3821870713
1611,3896473097
1612,3821723058
1613,3896424741
1614,2167350679
1615,3411539716
1616,3896433677
1617,3821711358
1618,3821780774
1619,3896396301
1620,3821712672
1621,3821682732
1622,578789449
1623,3821700012
1624,3821742914
1625,3821763914
1626,3821810773
1627,3896383461
1628,3821825473
1629,1627485559
1630,3821783893
1631,3821761754
1632,3896353659
1633,3821646912
1634,3821655012
1635,3896447362
1636,3821739866
1637,3821645652
1638,3821737454
1639,3821718014
1640,3814811534
1641,3821675174
1642,3007984333
1643,3896446612
1644,3896339475
1645,3821566394
1646,3821713394
1647,3821713514
1648,3821731093
1649,3821709854
1650,3301385346
1651,3896364389
1652,1704962899
1653,3821667614
1654,3896379209
1655,2496324618
1656,3896398702
1657,3821575992
1658,3896401882
1659,3896360969
1660,3896416516
1661,3821688673
1662,3896397622
1663,3896420302
1664,3821718793
1665,3896297865
1666,3896295555
1667,132524983
1668,3811846154
1669,3821700673
1670,3896286875
1671,3821570352
1672,3882596897
1673,3896160874
1674,3821535500
1675,3821675833
1676,3821545098
1677,3896366494
1678,3821519772
1679,3896307508
1680,2452733771
1681,3821524932
1682,3896383402
1683,3896304173
1684,789748825
1685,3821491758
1686,3821608586
1687,3821505912
1688,3821644633
1689,3821514432
1690,3821633833
1691,3896273537
1692,3896228715
1693,3896287054
1694,3896262443
1695,3821487024
1696,3821496972
1697,3821630719
1698,3821447834
1699,3821619253
1700,3896268383
1701,3821523980
1702,16374696
1703,3896217387
1704,3821531426
1705,3896310988
1706,3821586973
1707,3821536573
1708,3821596399
1709,3896243315
1710,3896243531
1711,3821452812
1712,3821512154
1713,3896228783
1714,3821356518
1715,3896242775
1716,3811258034
1717,3821527634
1718,3821494094
1719,3821581093
1720,3821489414
1721,3821511074
1722,3821417592
1723,3821515754
1724,3896252536
1725,3896020294
1726,3896195729
1727,3821407518
1728,3896243398
1729,3896200523
1730,3821399058
1731,3821301313
1732,3821371398
1733,3821495833
1734,3821382252
1735,3821362152
1736,3896112143
1737,3821338152
1738,3821422934
1739,3821365332
1740,3894351627
1741,3890857767
1742,3896193130
1743,512734568
1744,3896207356
1745,3821407711
1746,3821425154
1747,3896091555
1748,3896090655
1749,3821405834
1750,3821401634
1751,3821320872
1752,3821442853
1753,3821389400
1754,3821377334
1755,3896120837
1756,192505609
1757,372516221
1758,3821379854
1759,3821420833
1760,3896054955
1761,17265584
1762,3821290698
1763,2150194224
1764,3895954042
1765,3821372354
1766,3896025261
1767,3821389759
1768,3821360900
1769,3821410093
1770,3896031987
1771,3820855694
1772,3821349134
1773,3821304374
1774,3821390545
1775,3821370013
1776,3820944613
1777,3821169612
1778,2192843796
1779,3896002035
1780,3896084860
1781,3896094076
1782,3896061023
1783,3821220672
1784,3821311933
1785,3821240112
1786,23269198
1787,3725327957
1788,3821196674
1789,3821204898
1790,3821307559
1791,3896032643
1792,3821304433
1793,2662923354
1794,3896079862
1795,3821191872
1796,3895999409
1797,3895982601
1798,3721106653
1799,3895941555
1800,3895968387
1801,392937040
1802,3821152332
1803,3821176812
1804,3895941015
1805,3821168004
1806,3821266513
1807,3821262613
1808,3895943115
1809,3821252173
1810,3821203454
1811,2978247750
1812,3821140992
1813,2739923978
1814,3821131392
1815,3895949909
1816,3821193860
1817,3821110092
1818,3821205925
1819,3895860207
1820,3821189413
1821,3821204173
1822,3821223313
1823,3780404414
1824,3895966822
1825,3821098812
1826,3821147894
1827,3803534352
1828,3821042724
1829,956497398
1830,3895868531
1831,3895968496
1832,3821075172
1833,3895891463
1834,3895920797
1835,3895840079
1836,2322248178
1837,3821120774
1838,3821134520
1839,3821108600
1840,108060973
1841,3821120900
1842,3821131820
1843,3820623493
1844,3895829055
1845,3821178193
1846,3895841385
1847,3895838781
1848,3821009652
1849,3821034792
1850,3821112620
1851,2521477663
1852,3821120840
1853,3895864877
1854,618388740
1855,970978830
1856,3820774874
1857,3895824675
1858,3821012712
1859,3820980552
1860,3821072054
1861,2787632093
1862,3534003017
1863,3821069060
1864,3820978332
1865,3820983612
1866,3895794501
1867,3895824437
1868,3821120293
1869,3770435898
1870,3821094493
1871,3895906156
1872,3821060120
1873,3864150915
1874,3821098459
1875,3895879936
1876,3895728495
1877,3821041814
1878,3817301292
1879,3821021594
1880,3820923138
1881,3895719075
1882,3895836628
1883,141699018
1884,3866996235
1885,3257733939
1886,3895857742
1887,3821051533
1888,3821076493
1889,3820944732
1890,3895639097
1891,3895826188
1892,3820990874
1893,3821065993
1894,3821038993
1895,3820917672
1896,3589216100
1897,189809061
1898,3820852632
1899,3821052253
1900,3857881427
1901,3895754375
1902,3820767252
1903,3804883399
1904,3820874412
1905,3821013373
1906,3367996541
1907,3820871952
1908,3820934594
1909,2824997185
1910,3820819212
1911,3820947014
1912,3820923860
1913,3820809438
1914,3820923080
1915,3820843632
1916,3747249254
1917,3820942454
1918,3895779040
1919,3820913900
1920,3820825752
1921,3820906280
1922,3820944619
1923,3820924225
1924,3820972993
1925,3820893014
1926,3820830384
1927,503476540
1928,3895752436
1929,3895634547
1930,3895761676
1931,3820905733
1932,3100552765
1933,3820786572
1934,3820906460
1935,3820854734
1936,3820807152
1937,3820871480
1938,3820877474
1939,3820797438
1940,3895604895
1941,39380676
1942,3895680437
1943,2346466543
1944,2749635990
1945,3820932073
1946,3585007515
1947,3820891333
1948,3895625494
1949,3820846946
1950,3820844840
1951,3895605495
1952,3820717878
1953,3820884259
1954,3820872733
1955,3893976892
1956,3820824739
1957,3820740552
1958,3820787834
1959,3397738673
1960,3820740912
1961,3811713613
1962,3820834513
1963,3892798168
1964,3820713852
1965,3895625908
1966,3820713552
1967,3895676818
1968,3895521915
1969,3820795814
1970,3820799660
1971,3820832113
1972,569167059
1973,3895532529
1974,3895549347
1975,71324481
1976,3820785019
1977,3895583297
1978,3820799659
1979,3820813873
1980,3820804039
1981,3820696573
1982,1547290766
1983,3895509273
1984,3395298734
1985,3820736534
1986,3845816003
1987,3895316723
1988,3820711994
1989,3895582876
1990,3820784353
1991,3880674976
1992,3820613352
1993,3820730953
1994,3820761313
1995,3895583656
1996,3895541945
1997,3895536263
1998,3820748125
1999,3820637712
2000,3820773613
2001,3820623498
2002,479582946
2003,3820603992
2004,3895464921
2005,3895553662
2006,3895407795
2007,3820742413
2008,30161374
2009,3820743733
2010,3820606692
2011,3820692614
2012,2294613061
2013,3820675100
2014,3895519403
2015,3895425201
2016,90179903
2017,3895563238
2018,3895474997
2019,3895452459
2020,3820573098
2021,3820562832
2022,3895430235
2023,3820568352
2024,3820657094
2025,3820518018
2026,3895493003
2027,3820552938
2028,3895532782
2029,3895453528
2030,3895386627
2031,3895412721
2032,3820620740
2033,3895398147
2034,3895376547
2035,3820521804
2036,3895376451
2037,3820531884
2038,268064511
2039,3820584194
2040,3820402758
2041,3895505008
2042,3895434143
2043,3895499836
2044,3820594760
2045,3885783256
2046,3895508254
2047,3895494196
2048,3820438152
2049,3895502776
2050,3895469734
2051,3820443198
2052,3820603753
2053,3895483336
2054,3820524974
2055,1455053546
2056,3820610473
2057,3820492092
2058,459676219
2059,3820593313
2060,3820549826
2061,3895458196
2062,3895276343
2063,2594232164
2064,3820522694
2065,3895319439
2066,3820515086
2067,3820558039
2068,3820577653
2069,3895359023
2070,3820429933
2071,2971016112
2072,3820388058
2073,3895355423
2074,3820561753
2075,410890659
2076,3487492096
2077,3895425988
2078,3820409052
2079,3820321452
2080,3895409656
2081,3895416376
2082,3895334537
2083,3820486213
2084,3895277571
2085,3820462093
2086,3895307375
2087,3820483459
2088,3895369876
2089,2744863949
2090,3895163068
2091,3895260683
2092,3815307389
2093,22166783
2094,3895358602
2095,3676982243
2096,3895241757
2097,3895247961
2098,3820404254
2099,3895320316
2100,3820324512
2101,3820283172
2102,3820322712
2103,3895248437
2104,3895233803
2105,3820448593
2106,3820342033
2107,3820325054
2108,3087682423
2109,3304699830
2110,3819963134
2111,3820383619
2112,3820419613
2113,2422652094
2114,3820404379
2115,3820324813
2116,3324794552
2117,312456309
2118,183007748
2119,3820402813
2120,3820384039
2121,3820367234
2122,3248568894
2123,3820404745
2124,3895172175
2125,3820239552
2126,3820261872
2127,3588233894
2128,3820372219
2129,3895169775
2130,517817516
2131,3820205952
2132,3820230738
2133,3895268122
2134,3895116795
2135,3895143377
2136,3820281734
2137,3820216332
2138,3820212852
2139,3895235122
2140,3895225156
2141,415805416
2142,3812471773
2143,3820191432
2144,3820202952
2145,3895170863
2146,485006396
2147,3895154423
2148,3820282339
2149,3820251314
2150,3895049961
2151,2203568601
2152,3820308019
2153,3222536449
2154,3820246700
2155,3002441487
2156,3895207432
2157,3820234934
2158,3820244654
2159,3820275013
2160,1586472896
2161,562880362
2162,3895179982
2163,3371358383
2164,3895173076
2165,3820145894
2166,3895032831
2167,3895028721
2168,3895039641
2169,3895139872
2170,3820139053
2171,3439131852
2172,3820078932
2173,3895104389
2174,3820207453
2175,3820168574
2176,3895094189
2177,3895124662
2178,3820136174
2179,3895071677
2180,15938261
2181,3820085238
2182,3820091052
2183,3572231052
2184,3895129246
2185,3820038672
2186,3894962127
2187,3820064772
2188,3894887357
2189,3895122016
2190,3820135700
2191,3820025952
2192,3894979467
2193,3820058652
2194,3893259269
2195,3894975435
2196,3894996575
2197,3894974475
2198,3820024752
2199,3820079894
2200,3820136833
2201,3820109173
2202,3140214400
2203,3820040172
2204,3820029012
2205,3819923306
2206,3889346842
2207,3820111033
2208,314917848
2209,3820135333
2210,3895055554
2211,3894957075
2212,3895072996
2213,3820061774
2214,1280219520
2215,1492925881
2216,3819930012
2217,3894889533
2218,1340768220
2219,3894831989
2220,3895036576
2221,3895045882
2222,3819953232
2223,3894987605
2224,3820021154
2225,2335887307
2226,3894976517
2227,3819956838
2228,3819949992
2229,3819956232
2230,1552126188
2231,3894911235
2232,3894961175
2233,3894935657
2234,2829581007
2235,3819973093
2236,3819897672
2237,3894956717
2238,3819927852
2239,3820023013
2240,3820034053
2241,3820051393
2242,3819973994
2243,3819989114
2244,3894988582
2245,3165988706
2246,3894987208
2247,3820026973
2248,3819968294
2249,3819932234
2250,803218345
2251,3894899717
2252,3819966073
2253,3819874878
2254,3894926122
2255,3819946274
2256,3819957193
2257,3894790017
2258,3819828672
2259,3894838703
2260,3849339983
2261,3894875530
2262,3894841295
2263,3819895820
2264,2880332481
2265,3819806352
2266,3819909793
2267,3819885560
2268,3894790587
2269,3819883753
2270,3819777672
2271,98216720
2272,3894882106
2273,3717395473
2274,3193049117
2275,3819889993
2276,3894841582
2277,3819801020
2278,3894788717
2279,3894734061
2280,1955769752
2281,3884188900
2282,3894733395
2283,3819880213
2284,3894849436
2285,3894817768
2286,169097364
2287,3894749543
2288,3894712521
2289,3894669141
2290,3819758954
2291,3819813013
2292,3819826693
2293,2432608194
2294,3894808762
2295,2296267875
2296,3819674112
2297,3894781936
2298,3893748076
2299,3893838832
2300,3894527296
2301,3819805693
2302,3894602727
2303,3819742514
2304,3894564435
2305,3819747253
2306,3894765676
2307,3894649521
2308,3894656415
2309,3819744019
2310,3819739994
2311,113422801
2312,3894691955
2313,3894729454
2314,3819392532
2315,3894629123
2316,3894691643
2317,3894690149
2318,3819699494
2319,3819749413
2320,3819768133
2321,3819758485
2322,16005445
2323,3819748099
2324,3819621312
2325,3819667274
2326,3894659597
2327,3819671894
2328,3894611775
2329,3012529098
2330,3819652274
2331,2826100257
2332,3894647723
2333,3894635375
2334,3894693748
2335,3894585315
2336,3894669736
2337,2215132452
2338,3894064397
2339,1277786544
2340,3024684597
2341,193860297
2342,3819611234
2343,3819542712
2344,3819475152
2345,3819594793
2346,3816476533
2347,18941168
2348,3894517101
2349,3894521361
2350,120334012
2351,3894570269
2352,3819553033
2353,3894508467
2354,3894502995
2355,3894478377
2356,3894349995
2357,3894450389
2358,3819521954
2359,3819553634
2360,3894543016
2361,3894608176
2362,3894345617
2363,3819418692
2364,38902341
2365,2664389117
2366,3819520154
2367,3894468147
2368,3894499463
2369,15213305
2370,3894511163
2371,3819498134
2372,3819416478
2373,3894500477
2374,3819496340
2375,3819414912
2376,3819417672
2377,3894428655
2378,3894530638
2379,3894503237
2380,3692165413
2381,3894535462
2382,3894466103
2383,3894540694
2384,80824708
2385,3819501493
2386,2775208354
2387,3894465635
2388,3819445459
2389,3819440473
2390,3894465743
2391,2923463847
2392,3819463093
2393,186626502
2394,3894465623
2395,3192682171
2396,3819389534
2397,3819464665
2398,59830486
2399,3894359775
2400,3819423914
2401,3894456263
2402,169984335
2403,3894412235
2404,77551168
2405,2171901992
2406,3819445153
2407,3894368775
2408,3894436163
2409,3894413957
2410,3776352447
2411,3819441793
2412,3894337509
2413,3819297732
2414,3819337280
2415,3894347415
2416,3894389068
2417,3894385516
2418,3817615213
2419,3645358108
2420,3819409453
2421,3819407533
2422,3894388637
2423,3819396385
2424,3894442876
2425,3894385457
2426,3894443686
2427,3894436276
2428,3279456020
2429,3894301635
2430,3894387083
2431,3306737617
2432,3797172614
2433,3894404302
2434,3894421510
2435,3894374663
2436,3819346753
2437,3819370333
2438,719743425
2439,3894288575
2440,3819224244
2441,3894287325
2442,3894285075
2443,3819290354
2444,525646212
2445,3894311153
2446,3819170772
2447,3894339863
2448,3894384694
2449,3894349816
2450,3894327749
2451,3819213679
2452,3894207573
2453,3819210912
2454,300714460
2455,3894269481
2456,3894238335
2457,3819260174
2458,3894249975
2459,3819155292
2460,3819105558
2461,3819148158
2462,3677950996
2463,3894364924
2464,3819154938
2465,3819239900
2466,3819151938
2467,163344450
2468,3894237507
2469,3894281687
2470,3894285395
2471,3819220034
2472,3894272597
2473,3012600305
2474,3892819318
2475,3894332782
2476,2650747114
2477,3819257419
2478,3894285028
2479,3894199179
2480,3894210395
2481,3819193154
2482,3819237619
2483,3819076992
2484,3894186513
2485,3894120749
2486,3894289522
2487,3819203653
2488,3894166761
2489,3819135134
2490,3819160574
2491,3819010452
2492,3894169821
2493,3894271642
2494,3437364886
2495,3894207581
2496,3819151934
2497,3153993238
2498,2715876155
2499,3894237442
2500,3819110900
2501,3894158595
2502,3894147915
2503,3819117020
2504,3894259276
2505,1086662827
2506,3819158473
2507,3894127053
2508,3894123075
2509,3894113055
2510,3894224242
2511,3894130797
2512,3819001212
2513,3894193756
2514,3819130753
2515,3818957893
2516,3894080847
2517,3894230902
2518,3819083294
2519,3894117291
2520,3894098541
2521,3819095120
2522,3894203368
2523,3894108255
2524,3894092301
2525,3894148397
2526,3819059354
2527,3894097359
2528,51205216
2529,3894042699
2530,3894082587
2531,3894132155
2532,3894193936
2533,3819061154
2534,3819064994
2535,3894203356
2536,3880461315
2537,3894045075
2538,3347556319
2539,3818973192
2540,3818975298
2541,3894125177
2542,3894030705
2543,3894129136
2544,3894105983
2545,3894132496
2546,3894066453
2547,3819014534
2548,103155423
2549,2883081245
2550,3894044685
2551,3894124870
2552,945136260
2553,3894087617
2554,1716327090
2555,492267413
2556,3818979200
2557,167441565
2558,3818706498
2559,3894114520
2560,3818972594
2561,3894021203
2562,3894004335
2563,333776008
2564,3893991333
2565,3818511318
2566,3894017315
2567,3818942960
2568,3818841678
2569,3818971333
2570,3893963481
2571,3818992213
2572,3893944113
2573,3894024089
2574,3817958893
2575,3818961919
2576,3893946562
2577,3818954233
2578,3818946433
2579,3894027628
2580,1370959242
2581,3818903113
2582,3893968397
2583,2865003741
2584,3893990555
2585,3818869514
2586,3882135675
2587,3818887213
2588,3893984237
2589,3893908635
2590,3818860454
2591,3818863153
2592,3818783832
2593,3893899035
2594,3818824154
2595,2283499080
2596,3893951843
2597,3893939063
2598,3818730618
2599,3893996542
2600,3818890933
2601,3818813954
2602,3893969686
2603,3893919718
2604,3893936225
2605,3893926157
2606,3893870247
2607,314247549
2608,3818735240
2609,3818803514
2610,3409027875
2611,3893924998
2612,3818777234
2613,3818372658
2614,3818753960
2615,3818762174
2616,3892798041
2617,3893877017
2618,3893938696
2619,3893877917
2620,2557587110
2621,3818625072
2622,3893915116
2623,3818799313
2624,3643215915
2625,3818661252
2626,3893864261
2627,3893831489
2628,3818753293
2629,3893797617
2630,3818700614
2631,366897665
2632,3893740893
2633,3893831003
2634,3818596092
2635,3818571972
2636,3893853034
2637,3818711125
2638,3893848636
2639,3818542332
2640,3893728647
2641,2625159502
2642,3893813188
2643,3818614934
2644,2761180273
2645,3893825104
2646,3893701575
2647,365689500
2648,3893645115
2649,3818580014
2650,38799832
2651,2202587860
2652,3893590407
2653,3893773642
2654,3893790856
2655,3893790076
2656,3893676647
2657,3818403013
2658,3818602813
2659,3893637033
2660,3893649437
2661,3881620383
2662,3818458332
2663,31467233
2664,3818586739
2665,3145046172
2666,3893607027
2667,3818440452
2668,3818428098
2669,3818529853
2670,3558101061
2671,3797087776
2672,3818439013
2673,3893661497
2674,3893645189
2675,3818510653
2676,3818491166
2677,3893617487
2678,1450657765
2679,3893558013
2680,3893701342
2681,3893565473
2682,3818379492
2683,3432919516
2684,3893660536
2685,3893615939
2686,3893669374
2687,3818384352
2688,3893072295
2689,3818455694
2690,3818364612
2691,3893607509
2692,3818426774
2693,3818491873
2694,151420423
2695,3818383585
2696,3893545041
2697,453141180
2698,3818345292
2699,3893446509
2700,3893579405
2701,3818465593
2702,746964187
2703,3893438523
2704,2458701414
2705,527041602
2706,3818418133
2707,3893616196
2708,3893564681
2709,3893501235
2710,2769376398
2711,3654957013
2712,3893503815
2713,3893416882
2714,3796738763
2715,3893547557
2716,3817943598
2717,3818428573
2718,3818422153
2719,3893558356
2720,3893456901
2721,3893581798
2722,3818250012
2723,3893461167
2724,3893429493
2725,3818163972
2726,3893485409
2727,3893555056
2728,3893444373
2729,3893563570
2730,3818213232
2731,3818291114
2732,3893463035
2733,3809937192
2734,3893546650
2735,3893393853
2736,3817092625
2737,3893462597
2738,3893205077
2739,3818248454
2740,3893353942
2741,1665271284
2742,3889603347
2743,3893041756
2744,3893517136
2745,3343746107
2746,3210888168
2747,3893525380
2748,3893444015
2749,3818186592
2750,3818092692
2751,3893515474
2752,3893378433
2753,3843795257
2754,3893379975
2755,1728352212
2756,3893395517
2757,3893430515
2758,3818157732
2759,3818296645
2760,3818152872
2761,3818058912
2762,1733065166
2763,3818126478
2764,3893468302
2765,3893394833
2766,3818228113
2767,3818131092
2768,3893377049
2769,3893400209
2770,3893406563
2771,3893348859
2772,3893328873
2773,3893455876
2774,3893393303
2775,3806300412
2776,3893425216
2777,3818220853
2778,3893441806
2779,3816728414
2780,3893448148
2781,3893422834
2782,3818161574
2783,3893376917
2784,3227364319
2785,3893279001
2786,3893318115
2787,3818149034
2788,3818164213
2789,3818024712
2790,3893322017
2791,3893366362
2792,3893376634
2793,3818071279
2794,3893297195
2795,3893368576
2796,3893296763
2797,3893309933
2798,3893176815
2799,3893261127
2800,3893286581
2801,3817911912
2802,3818081774
2803,3818080334
2804,3893288777
2805,3818067434
2806,3893220057
2807,3817992192
2808,3893300068
2809,3893284763
2810,3817980552
2811,3893151497
2812,3893211201
2813,633894024
2814,501218562
2815,3893174415
2816,3893241887
2817,526709638
2818,3286008818
2819,3893164479
2820,3893146695
2821,1884899130
2822,3893206283
2823,3817946232
2824,3318279643
2825,3817941072
2826,3246560324
2827,3893179989
2828,3817991593
2829,3818040133
2830,3893253550
2831,3818002633
2832,3695431035
2833,3817995254
2834,3893164425
2835,941475259
2836,3818031193
2837,218150190
2838,3817985834
2839,3817998919
2840,3893197955
2841,3817978094
2842,3893147891
2843,3893164277
2844,3893136939
2845,3893191517
2846,407717178
2847,594906672
2848,3893254096
2849,3893151749
2850,3817927753
2851,3893177117
2852,3817672394
2853,3893221156
2854,3817877533
2855,3893238526
2856,3893072615
2857,3817830552
2858,3817862172
2859,24661753
2860,3893087115
2861,3893098941
2862,3817962853
2863,578435847
2864,1686391794
2865,3817958293
2866,3893222008
2867,3893078385
2868,3893207494
2869,3893126843
2870,3893197096
2871,3817906034
2872,3893072015
2873,3893202262
2874,3893070393
2875,3814446738
2876,3817854914
2877,3893123837
2878,3893075175
2879,355558846
2880,3817882334
2881,3893185108
2882,3893058513
2883,3893173294
2884,3817856900
2885,3817785672
2886,3893045547
2887,3893053713
2888,3817849994
2889,3893174866
2890,3890414177
2891,3893055255
2892,15904215
2893,3817741632
2894,3817870153
2895,3817833493
2896,3817837994
2897,3817675818
2898,3892980447
2899,3764642913
2900,3893136676
2901,2891223615
2902,3815483059
2903,3434298725
2904,3893115436
2905,3892988535
2906,3121082139
2907,3817704673
2908,3817714818
2909,3892979817
2910,3892958655
2911,3817837393
2912,3892722940
2913,3893051723
2914,3892973433
2915,3678861803
2916,3893079454
2917,3817684284
2918,3893019809
2919,3817530974
2920,3023897901
2921,3892947401
2922,3817764560
2923,3817686072
2924,3886115895
2925,3882857362
2926,3892963043
2927,3892893867
2928,3817759153
2929,3806095394
2930,3892977257
2931,3892918935
2932,3817628172
2933,3892980677
2934,3817598952
2935,3892990516
2936,3817623672
2937,3892976921
2938,3892989977
2939,3817604592
2940,3892895957
2941,3893015854
2942,3817698914
2943,915646878
2944,3817594092
2945,3892957763
2946,3892757968
2947,3893028622
2948,3892966859
2949,3892962635
2950,2403429839
2951,251645394
2952,3893016808
2953,3892924049
2954,993299762
2955,3892930030
2956,3892888047
2957,2876026769
2958,3892888035
2959,3817659673
2960,3892840179
2961,3817708393
2962,3892970002
2963,3892843455
2964,3892819107
2965,403899503
2966,3892894349
2967,3817673173
2968,3817665853
2969,3892816263
2970,3892946854
2971,265749879
2972,3817613840
2973,3892884197
2974,3892853595
2975,3538339214
2976,3892964476
2977,3817522998
2978,3815791034
2979,1112837012
2980,3892833075
2981,3892885751
2982,3892839867
2983,3892865381
2984,41710226
2985,3892853417
2986,1102297466
2987,3817630213
2988,3892894822
2989,3817450572
2990,856294706
2991,3892831697
2992,3892743933
2993,3892844980
2994,3044275531
2995,3892885528
2996,3892740801
2997,3842901797
2998,3892805207
2999,3892878448
3000,570038392
3001,3892819402
3002,3814491020
3003,3892761075
3004,3892744161
3005,3892800323
3006,3892739373
3007,3892743627
3008,3892738815
3009,3817536793
3010,3817354212
3011,3817363872
3012,3892784237
3013,3892766909
3014,3892766669
3015,3892768139
3016,3892668381
3017,3892709559
3018,3817511479
3019,3892745783
3020,3817455014
3021,3892789228
3022,3892675629
3023,3892765678
3024,3892815208
3025,3892782502
3026,3817419134
3027,3892594216
3028,3892741943
3029,3817486693
3030,3892721021
3031,557986330
3032,3892647015
3033,3892769776
3034,3817419494
3035,3172885241
3036,3817313472
3037,3892719995
3038,3874861547
3039,3817316472
3040,3379218839
3041,3892760128
3042,3817360334
3043,3892772872
3044,3892659441
3045,3817298712
3046,3311867664
3047,3817429693
3048,259534023
3049,3817275252
3050,3892756876
3051,3817286592
3052,3892606401
3053,3892663103
3054,3170043599
3055,3892570707
3056,3617759855
3057,2256793392
3058,3892630941
3059,3817262472
3060,315717053
3061,3817281552
3062,3892677263
3063,3892626435
3064,2796865853
3065,3892597905
3066,3892640002
3067,3892720108
3068,3310732452
3069,33281565
3070,3817329614
3071,3892630121
3072,3892689994
3073,3817212552
3074,3892585335
3075,3892681048
3076,3892584561
3077,3892553847
3078,3892642762
3079,3892658506
3080,3892601777
3081,3892683634
3082,3892692676
3083,3817229294
3084,3892534581
3085,3817312933
3086,3892633474
3087,3892531755
3088,3892580117
3089,3892646656
3090,3817147212
3091,3892538235
3092,3817251974
3093,3817237880
3094,3892567751
3095,3817288513
3096,3817274773
3097,3892523121
3098,3892631416
3099,3892555061
3100,3817128014
3101,3892516995
3102,3128127469
3103,3892572143
3104,3817148178
3105,3892569509
3106,3892577183
3107,3817273213
3108,3892615828
3109,3892605490
3110,468642712
3111,3817215560
3112,3892507761
3113,3892558397
3114,3892602994
3115,3817126040
3116,3892617274
3117,3892497903
3118,3817203133
3119,3892502957
3120,3892537997
3121,3892511483
3122,3892463069
3123,3164959578
3124,3882535181
3125,3892576840
3126,3892470675
3127,3892502117
3128,3892577146
3129,3892587982
3130,3892569094
3131,3892525937
3132,3817079832
3133,3817086732
3134,3167719234
3135,3892482269
3136,3892448913
3137,3892504667
3138,3817213273
3139,3603942855
3140,3817080492
3141,3892509863
3142,3892495775
3143,3817127594
3144,3892525816
3145,3817202353
3146,3885489317
3147,2194957152
3148,3817120274
3149,3817046616
3150,3892465529
3151,3817089434
3152,3892419015
3153,3892413741
3154,3817114700
3155,3892502614
3156,3892356273
3157,3817066633
3158,3892385007
3159,3817159819
3160,3480012793
3161,3576768253
3162,3817100060
3163,3892500274
3164,3072761289
3165,3892433963
3166,3765336196
3167,3892445849
3168,3891992602
3169,3892385559
3170,3892429576
3171,3892371939
3172,3438883164
3173,3892359315
3174,614035535
3175,3892408181
3176,3892353015
3177,3816974112
3178,3892346901
3179,3892341515
3180,3892470808
3181,3816979098
3182,921493626
3183,3892277002
3184,862257001
3185,3892344028
3186,3817092859
3187,3892394801
3188,3892347543
3189,3817004054
3190,3852778823
3191,3892386701
3192,3892337073
3193,3816991034
3194,3817077139
3195,3892420756
3196,610427758
3197,3892357529
3198,3892421416
3199,3892197977
3200,3892382326
3201,3892415536
3202,3816954374
3203,3892332737
3204,3815824212
3205,3892264643
3206,3415134904
3207,3892345505
3208,1864854019
3209,3817031299
3210,3816975253
3211,3816902292
3212,3892303281
3213,3816967634
3214,3816973934
3215,3892282235
3216,3892276395
3217,3892258643
3218,3892369414
3219,3892240701
3220,3816862512
3221,3816854894
3222,3892215405
3223,3816824892
3224,3892254975
3225,3892276049
3226,3892234263
3227,3892147575
3228,3816952573
3229,3892261174
3230,3302286463
3231,3892339888
3232,3892225047
3233,3892260857
3234,3816909373
3235,3892302874
3236,3892330456
3237,3816840074
3238,3892248695
3239,3816893654
3240,2182322993
3241,3892266382
3242,3816824592
3243,3816950833
3244,3892320628
3245,3317019306
3246,3892228349
3247,3892203321
3248,3892196955
3249,3892249373
3250,3816771444
3251,20597505
3252,3892250117
3253,3892162587
3254,2986148471
3255,3816859213
3256,3816914893
3257,109462625
3258,2569968866
3259,3816782712
3260,3892220795
3261,3892170075
3262,3816813734
3263,3816794654
3264,3816812234
3265,3816850580
3266,3892200143
3267,3816876313
3268,3892287802
3269,3816762732
3270,3892260826
3271,3816701964
3272,3892211663
3273,2170338618
3274,3892131255
3275,3816745332
3276,3816727578
3277,3816714972
3278,3816786734
3279,3892241248
3280,422472824
3281,3892129155
3282,3188023052
3283,3811366994
3284,1621846574
3285,3892190962
3286,3816743540
3287,3892169723
3288,3892174229
3289,3892117347
3290,3892106415
3291,3317066269
3292,3892163645
3293,3892203508
3294,3816751154
3295,3892104081
3296,3892095567
3297,3816796393
3298,3892136795
3299,3284573070
3300,3816789673
3301,3816746714
3302,3892044867
3303,2862581428
3304,3816795379
3305,3892186060
3306,3892073001
3307,3892126757
3308,20375499
3309,3892114187
3310,18549872
3311,3892053453
3312,3816752233
3313,3892116569
3314,10730272
3315,3816743779
3316,3892098389
3317,3892038683
3318,3816696134
3319,3816603372
3320,3892044615
3321,3892091489
3322,3285952099
3323,3816711434
3324,3891969261
3325,3816698834
3326,3891704794
3327,3816749593
3328,3816527353
3329,500800063
3330,3892118800
3331,3816589938
3332,3816601758
3333,3892084319
3334,3816563298
3335,3816600552
3336,3892035035
3337,3892069643
3338,1578830124
3339,3892029795
3340,3891969797
3341,3816657433
3342,3892014321
3343,3810706279
3344,3892010721
3345,3816648314
3346,3891993315
3347,3892052795
3348,3816655040
3349,3816546924
3350,3892104376
3351,1076895726
3352,3892068334
3353,3891937875
3354,3892049237
3355,3891982875
3356,3891976947
3357,3891985035
3358,3816582734
3359,3891974679
3360,3892080784
3361,3891989237
3362,3891914841
3363,3372714112
3364,3892080196
3365,3816525792
3366,2728575837
3367,3816592514
3368,3148772683
3369,3892024948
3370,3891995195
3371,3816508272
3372,3816522012
3373,3816550514
3374,3891954495
3375,3891983543
3376,3892001957
3377,3816377900
3378,3816470772
3379,3816571880
3380,2439798231
3381,3891905001
3382,3891924081
3383,3816629953
3384,3891953176
3385,3891927861
3386,3816429732
3387,3892048618
3388,3891979589
3389,3892043308
3390,3891969269
3391,3892030702
3392,3891820427
3393,3892040722
3394,3891921693
3395,2970539759
3396,2350960264
3397,3891947879
3398,3816531134
3399,3891927737
3400,121688805
3401,3891997762
3402,3891875835
3403,3816514094
3404,3816474979
3405,3816511520
3406,1307833778
3407,3816557605
3408,3891988288
3409,3891537495
3410,3816554233
3411,3816575239
3412,3816567739
3413,3891916889
3414,3891921257
3415,3816514646
3416,3891928103
3417,3891932195
3418,3621549737
3419,3816564973
3420,3816558493
3421,3816508094
3422,3891925949
3423,3816337812
3424,3892003528
3425,3891924640
3426,2261920141
3427,3890527467
3428,3890508316
3429,3816420073
3430,3891938147
3431,3891585437
3432,3816492254
3433,3816521779
3434,3891737805
3435,2828203855
3436,629378500
3437,3891859881
3438,3816469226
3439,3816478873
3440,3816434054
3441,500727858
3442,362812516
3443,3816451034
3444,3891898823
3445,3816364220
3446,3816439094
3447,175648746
3448,3816447866
3449,3816487213
3450,223589476
3451,3891808293
3452,3816412934
3453,843412400
3454,3816485539
3455,3816417320
3456,3891913048
3457,3814828163
3458,3816321012
3459,3816484393
3460,3816373760
3461,3891931762
3462,3816390434
3463,3891846797
3464,3816432073
3465,3891795885
3466,3891851195
3467,3891788231
3468,1616379006
3469,3891858197
3470,3816396313
3471,3816407180
3472,3891129316
3473,3816297198
3474,3816383894
3475,3891816497
3476,3891789203
3477,3816399373
3478,3816279072
3479,3807219736
3480,3891758847
3481,3816410713
3482,3891777749
3483,3891847078
3484,3816275118
3485,3816399493
3486,3891755973
3487,3816392893
3488,3891754701
3489,3891854674
3490,3891735135
3491,3891708801
3492,3891771197
3493,3816400693
3494,3816384013
3495,3891835576
3496,351490057
3497,3816367453
3498,3891730749
3499,3816342794
3500,3891834334
3501,3037356264
3502,3891766655
3503,3891706641
3504,3891727101
3505,3891739475
3506,3891798376
3507,2319181616
3508,3816359173
3509,3816331033
3510,3891705081
3511,3816190572
3512,3891801004
3513,3891802516
3514,3816280394
3515,3816198372
3516,3816316579
3517,3816320713
3518,3891681675
3519,3891604761
3520,3891671781
3521,3816184692
3522,3816261254
3523,3816180738
3524,3891721643
3525,3816238514
3526,3891488673
3527,3816269725
3528,3528979274
3529,3891760708
3530,3891769336
3531,3891680674
3532,3816165012
3533,3891690323
3534,3815929573
3535,3891708389
3536,3891701249
3537,3816222974
3538,3891693119
3539,3816260479
3540,1412394554
3541,3891618975
3542,3816114252
3543,3816108552
3544,3816218053
3545,3891709216
3546,3816106092
3547,3891604941
3548,3816224533
3549,3816093012
3550,3891546922
3551,3816052098
3552,3369492333
3553,3891583047
3554,3816069552
3555,3816163814
3556,3891621089
3557,3891688762
3558,731146465
3559,3891619757
3560,3816210853
3561,3891623315
3562,3891567393
3563,3630442104
3564,3816146300
3565,3816153074
3566,3309391954
3567,3816103994
3568,3891586403
3569,3816031998
3570,3891649834
3571,3816159733
3572,3891641800
3573,3816170233
3574,3816168619
3575,3891524661
3576,3891530583
3577,3891596561
3578,3891536985
3579,3891369861
3580,3891582263
3581,3891541365
3582,2677282753
3583,3891577007
3584,3816055933
3585,3815982132
3586,3816102974
3587,3816131593
3588,3815979858
3589,3891578183
3590,2952393603
3591,3815996958
3592,3815979498
3593,1227739555
3594,3815997732
3595,3815960598
3596,3816010752
3597,3816123553
3598,2436676392
3599,3891154481
3600,3815967072
3601,3891560482
3602,3891520283
3603,3816104533
3604,3891554483
3605,3891555322
3606,3891551915
3607,3816073879
3608,3815984120
3609,3790849760
3610,3891599782
3611,3815966952
3612,3891595828
3613,3407579387
3614,3815945238
3615,1349038740
3616,3891587236
3617,3891520529
3618,3891495323
3619,3891499529
3620,3891496397
3621,3891329901
3622,3816055573
3623,3891492797
3624,3815908512
3625,3815916312
3626,3891451883
3627,3891407543
3628,3891564436
3629,3793811232
3630,3816034333
3631,547128570
3632,3891501863
3633,3815892192
3634,2221171307
3635,3816002713
3636,3815896992
3637,3891522376
3638,3891414495
3639,3891545662
3640,3891519556
3641,774573703
3642,3815886912
3643,3884584697
3644,2751584763
3645,3815850252
3646,3044885164
3647,3816026419
3648,3891398055
3649,3891454937
3650,3815979853
3651,3891517996
3652,3891466588
3653,3815831232
3654,3891415523
3655,3815858112
3656,3815816952
3657,3815947879
3658,3815963719
3659,3891495994
3660,3860536462
3661,3815990419
3662,3891501076
3663,3800998093
3664,3010467763
3665,3891288861
3666,3815793138
3667,3891490576
3668,3815961979
3669,3891360327
3670,3815978413
3671,3228819103
3672,3815965033
3673,2738943223
3674,3891341303
3675,3891425249
3676,3891376995
3677,3891328161
3678,3891380483
3679,1265516100
3680,3815805612
3681,3891348501
3682,3815805132
3683,3891404069
3684,3891394061
3685,3891324027
3686,3815785398
3687,3891457294
3688,3882682509
3689,3815830634
3690,3891371003
3691,3891335417
3692,440179509
3693,3891296145
3694,3891441676
3695,3612469699
3696,3890762015
3697,3891364085
3698,3891304701
3699,3815848334
3700,3814409666
3701,3891278421
3702,3815756712
3703,3815810726
3704,3815881993
3705,176516395
3706,2765944844
3707,3815731752
3708,3815819294
3709,3891306329
3710,3815808446
3711,3891347777
3712,3815720478
3713,3815717478
3714,3815737092
3715,3891387676
3716,3891269421
3717,3815821214
3718,3815870413
3719,450218400
3720,3815817614
3721,3741880828
3722,3815800760
3723,3891374716
3724,3891328223
3725,3891257373
3726,3815701212
3727,3891386452
3728,3815768180
3729,3815795960
3730,3891368656
3731,3815786414
3732,3891309677
3733,3815741540
3734,3891367648
3735,3891337348
3736,3815801713
3737,2272703105
3738,3815663292
3739,1220349284
3740,3891201795
3741,3815742080
3742,3815580558
3743,3815599694
3744,3891308782
3745,3891272902
3746,3891353056
3747,3891262877
3748,3891235539
3749,3804885313
3750,3815316673
3751,3815658384
3752,3815656038
3753,3891325768
3754,3815741240
3755,3815651538
3756,3890772261
3757,3815783053
3758,26213785
3759,827802486
3760,3815716874
3761,3891311848
3762,3891206835
3763,3890984489
3764,3815683513
3765,3815634432
3766,3891183507
3767,3891279856
3768,3891182375
3769,3815692580
3770,3891130527
3771,3815734573
3772,3891152301
3773,3891075863
3774,3891173415
3775,3891218339
3776,3230419242
3777,3815712373
3778,3815620460
3779,3815564772
3780,3017207238
3781,3891173879
3782,3891217403
3783,3815551518
3784,3891191891
3785,3891273682
3786,3815438598
3787,3815541912
3788,3891185603
3789,3890547196
3790,3891164975
3791,3891187037
3792,3891145174
3793,3815680771
3794,3891250216
3795,3815553072
3796,3815688913
3797,3815551092
3798,3891077595
3799,3891167063
3800,3815621534
3801,3815487738
3802,3815674753
3803,3804309914
3804,2313800851
3805,3891102567
3806,3891123425
3807,3891157337
3808,3891112281
3809,3815645659
3810,3815611100
3811,3891150335
3812,3891156803
3813,3815616913
3814,3891148763
3815,3891162089
3816,3891209182
3817,3815512638
3818,3815579540
3819,3815482814
3820,3891063803
3821,3891086781
3822,3815572040
3823,3891132563
3824,295407611
3825,3891080193
3826,3891196078
3827,3891167206
3828,3815469738
3829,3891183928
3830,3891122075
3831,3815458692
3832,3815564894
3833,1364625858
3834,3891178588
3835,3891118289
3836,3815316373
3837,2863910737
3838,3815570419
3839,3815575573
3840,3891148276
3841,3891106817
3842,3815582245
3843,3815545334
3844,3815581873
3845,3815596153
3846,3891056235
3847,3815425578
3848,3815529734
3849,3891075779
3850,3881075421
3851,3815514314
3852,3815416512
3853,3815530213
3854,3891093989
3855,3891085678
3856,3891139054
3857,3891137176
3858,3891001935
3859,3891019905
3860,3815421732
3861,3815542273
3862,3815547193
3863,3815517133
3864,3308208927
3865,3815477114
3866,3815395878
3867,3890992287
3868,3891041248
3869,3891112822
3870,3891035801
3871,3890950833
3872,1798085082
3873,1606797601
3874,3815468414
3875,3815445326
3876,3891021335
3877,3815436854
3878,3815485873
3879,3891038369
3880,3815384172
3881,3890966433
3882,3890962947
3883,3815479813
3884,3891085108
3885,3891074656
3886,3890920857
3887,3815488399
3888,3890949255
3889,3880692676
3890,3891083956
3891,3815361012
3892,3815432594
3893,3890972175
3894,3890932335
3895,3891015796
3896,3890944215
3897,3891075754
3898,2563466543
3899,3815415140
3900,3815413874
3901,324229571
3902,3891001457
3903,3891047698
3904,3815273196
3905,3890827749
3906,3815386814
3907,2321706109
3908,3890912477
3909,3891049396
3910,2677366478
3911,3815309172
3912,3815292798
3913,3815385140
3914,3815385925
3915,3890952401
3916,3815307978
3917,3890933763
3918,194623949
3919,3890924423
3920,1571129462
3921,3815277792
3922,3452194994
3923,3890944223
3924,3815431693
3925,3815281332
3926,3891015328
3927,3881560941
3928,3815413933
3929,3890808723
3930,3891019000
3931,3815359634
3932,3501006014
3933,3815214444
3934,3890899707
3935,3815265492
3936,3890984656
3937,3815232314
3938,3815258712
3939,3815369245
3940,3890975296
3941,3815311454
3942,3890920331
3943,1020763700
3944,3815328554
3945,3890949328
3946,3815258658
3947,3890976076
3948,3890924609
3949,3890971282
3950,140220809
3951,3815311159
3952,3890921357
3953,3815225172
3954,3890903837
3955,3890831019
3956,3815200692
3957,3890895203
3958,3890888837
3959,3815260874
3960,3815185272
3961,3605069712
3962,3890947468
3963,3890882309
3964,281438178
3965,3890898256
3966,3815333485
3967,3815285840
3968,3815197092
3969,3815282059
3970,3890862341
3971,3815148018
3972,3815275580
3973,3154431167
3974,3815294653
3975,3890875108
3976,2966151940
3977,3815151372
3978,96564060
3979,3890849789
3980,3890901214
3981,3890797467
3982,3890915422
3983,3815159052
3984,3815160740
3985,3890767335
3986,3815175200
3987,1276693585
3988,3890793495
3989,3890735421
3990,3890813837
3991,3890872480
3992,3815275993
3993,3890745321
3994,3815118132
3995,3637655652
3996,3815244793
3997,3815136078
3998,3890749761
3999,3890874436
4000,3890731539
4001,3815082852
4002,3890780297
4003,3890847862
4004,3890759955
4005,3815188574
4006,3890845054
4007,3890733087
4008,3890852494
4009,3890730141
4010,3815084412
4011,3890743635
4012,3815096292
4013,3815091618
4014,3835308215
4015,3815149994
4016,3890850754
4017,3890720505
4018,3890778509
4019,700637604
4020,3815147372
4021,3815056512
4022,3890778257
4023,1147372741
4024,3890837362
4025,3815148194
4026,3890765068
4027,3815047644
4028,3890724495
4029,3815178553
4030,3890760863
4031,967533427
4032,25375080
4033,3890802682
4034,3890696415
4035,3815187139
4036,3890808436
4037,3815143879
4038,3887385394
4039,3890808322
4040,3890812378
4041,3815028432
4042,3890803996
4043,3815024832
4044,3815107820
4045,3890663037
4046,3890741483
4047,3890787916
4048,3814964364
4049,3815147893
4050,3890760922
4051,3890655687
4052,3324593396
4053,3890673597
4054,3815093654
4055,3815086574
4056,3890604077
4057,3890768662
4058,3890712737
4059,3890627259
4060,3265448330
4061,3890679383
4062,3890596461
4063,2853761497
4064,3699516985
4065,3890751106
4066,3890702609
4067,3890731594
4068,3317278014
4069,3815026814
4070,3340510473
4071,3814869792
4072,3814996872
4073,3890598387
4074,3890700736
4075,3815097493
4076,3890733796
4077,3814968492
4078,3815097745
4079,3890712022
4080,3815066713
4081,3814944012
4082,3890732872
4083,3890644337
4084,2469625212
4085,3815085313
4086,3657872657
4087,3815079925
4088,3817684701
4089,3890660417
4090,3815051773
4091,3890633357
4092,3814932318
4093,3890537249
4094,3814916472
4095,3815060905
4096,3890583761
4097,2885848558
4098,3890637017
4099,3815065393
4100,3814940892
4101,3814922472
4102,1683415152
4103,3890658377
4104,3814922712
4105,3814974314
4106,326806549
4107,3814943420
4108,3701326872
4109,3890630957
4110,3890691022
4111,3814981520
4112,2689688286
4113,3814987034
4114,3814823005
4115,939616435
4116,3324104113
4117,3890660296
4118,3890560347
4119,3890658736
4120,3890663494
4121,3802275314
4122,3890647666
4123,3890603303
4124,3814945820
4125,3814857858
4126,3814873092
4127,3890550099
4128,3814768034
4129,3213316381
4130,3890483427
4131,3890533455
4132,3890616076
4133,3890582357
4134,3890640676
4135,3814944085
4136,1951169934
4137,3890545103
4138,3814831992
4139,3814927573
4140,3890558675
4141,3814930039
4142,3890570663
4143,3814784478
4144,3890619136
4145,114290648
4146,3890629048
4147,3890611894
4148,2905072269
4149,3890043028
4150,3890603074
4151,3890369237
4152,3814845200
4153,3814882633
4154,3890603848
4155,3814887494
4156,3890506037
4157,2921999049
4158,2823960002
4159,3814792152
4160,3814873592
4161,1392457597
4162,2885326757
4163,3814782974
4164,3890538221
4165,3890591722
4166,2847716210
4167,3890393115
4168,3890517257
4169,3814840274
4170,3890473827
4171,3814848974
4172,3276404916
4173,3890436615
4174,3890462115
4175,3814741818
4176,3814873033
4177,3890430255
4178,3814762632
4179,3890562568
4180,3890508149
4181,3814785014
4182,3814846334
4183,3814838654
4184,3814889785
4185,3814758492
4186,3814823060
4187,3890442381
4188,3890442705
4189,14060345
4190,3814864033
4191,3814788860
4192,3814822831
4193,3890433321
4194,3814579992
4195,3814834519
4196,376658028
4197,3814749013
4198,3890464637
4199,3814669332
4200,3890492482
4201,3814712952
4202,3814842259
4203,3814786345
4204,3177581126
4205,3814822825
4206,3007006824
4207,3814718352
4208,3814775840
4209,3890408001
4210,3814825573
4211,3890407637
4212,3814759214
4213,3814695192
4214,3814682292
4215,3814796179
4216,3814805953
4217,3814808125
4218,3814635084
4219,3890441723
4220,3890379657
4221,3890510236
4222,3890430203
4223,3814791139
4224,3814723154
4225,3890019861
4226,3890394017
4227,3890486608
4228,115154519
4229,3814791499
4230,3890393957
4231,3814786693
4232,3890333853
4233,3890361213
4234,3814695680
4235,3814607772
4236,3890324775
4237,114580969
4238,3814631892
4239,3890387897
4240,3814704254
4241,3890288483
4242,3890421256
4243,3890316273
4244,3890386817
4245,3814689380
4246,3814757119
4247,167966141
4248,3814753753
4249,3890336673
4250,3890284457
4251,3890388862
4252,3890310387
4253,3238872590
4254,3814653314
4255,3890427166
4256,3814672214
4257,3890286867
4258,14682306
4259,3890312493
4260,3890360843
4261,3890357135
4262,3814630160
4263,3890404882
4264,3814674614
4265,3814624814
4266,3890412574
4267,3890410756
4268,3890277795
4269,3890356546
4270,3890399554
4271,3890272641
4272,3814658539
4273,3814670413
4274,3890388748
4275,3890327855
4276,3814515132
4277,3814542192
4278,3890283975
4279,3890274087
4280,3890274975
4281,2746193992
4282,3814488378
4283,3329277155
4284,3890379064
4285,3890286081
4286,3890376148
4287,3890389828
4288,3890287295
4289,3890353216
4290,3814533978
4291,3890285789
4292,3890371048
4293,3814595054
4294,3890364016
4295,3890342740
4296,3890223021
4297,3890245161
4298,3814486820
4299,3890243489
4300,924642426
4301,3814626553
4302,3890292767
4303,3890177147
4304,3890270477
4305,3890201361
4306,757476248
4307,3814627153
4308,3890318536
4309,3781152133
4310,3814565654
4311,3814558874
4312,3890216055
4313,3890306026
4314,3890207913
4315,3890204493
4316,3814546874
4317,3890176835
4318,3890170035
4319,3890261789
4320,3890198007
4321,2797784442
4322,3890303776
4323,3890183835
4324,3814232172
4325,3890191587
4326,3814445712
4327,3890229682
4328,3814532054
4329,3812990666
4330,3427196253
4331,3814429458
4332,3814404732
4333,3890177211
4334,3890246842
4335,3890174361
4336,3890267542
4337,3890149155
4338,3814537465
4339,3890281408
4340,3890248360
4341,2292182288
4342,3814381752
4343,3890252014
4344,3814539733
4345,3814535185
4346,3814533253
4347,3890254936
4348,3814526893
4349,273464479
4350,3890119095
4351,3890242396
4352,3814370174
4353,3890256214
4354,3890136795
4355,3647298560
4356,3890252722
4357,171253472
4358,3814309992
4359,3814508905
4360,3890109975
4361,3814424234
4362,3814488553
4363,3814357640
4364,3890194822
4365,3814363453
4366,3890020401
4367,3814394726
4368,3890085561
4369,3814415174
4370,3890082435
4371,3890076927
4372,3890156122
4373,3890176282
4374,3814306392
4375,3814387574
4376,3880958847
4377,3112491253
4378,3890103437
4379,3814271594
4380,3890136088
4381,3890099417
4382,3814276332
4383,3814276932
4384,3890104037
4385,3814263972
4386,3890135536
4387,3814347686
4388,3686714354
4389,3814228632
4390,3890116588
4391,3814345094
4392,3290737531
4393,3890125186
4394,3890112022
4395,3889941743
4396,3890008221
4397,3814363153
4398,3890049935
4399,1483405464
4400,3890065037
4401,3889806195
4402,3890050109
4403,3890054183
4404,3890011043
4405,3814346659
4406,2818838317
4407,3814353259
4408,3814288280
4409,3889987821
4410,3889855323
4411,3889900755
4412,3814201692
4413,3890021351
4414,3890002409
4415,3814270814
4416,3889913997
4417,3123468944
4418,3889990637
4419,3889948215
4420,3889979003
4421,395187134
4422,3207728902
4423,3813422713
4424,3889943301
4425,3814138094
4426,3889869989
4427,3890031556
4428,19312281
4429,3889532848
4430,3814177454
4431,3889881435
4432,3814221254
4433,3814219700
4434,3889923615
4435,3814181354
4436,3889969937
4437,3889973243
4438,216216663
4439,3814125192
4440,3814126932
4441,3889918517
4442,3889912047
4443,3889882995
4444,3382708520
4445,1274750862
4446,3889891041
4447,3889905627
4448,3889917437
4449,3814197613
4450,3814115352
4451,3814099572
4452,3813973452
4453,1139895253
4454,3889911437
4455,3889855097
4456,3889914197
4457,3889866915
4458,3814162034
4459,3889920461
4460,3814129934
4461,619045235
4462,3810728292
4463,3889848395
4464,3814102754
4465,334142529
4466,3814041018
4467,3889966582
4468,3814035012
4469,3889836315
4470,3889923160
4471,3814016892
4472,3889823241
4473,324453840
4474,3814045452
4475,2305298011
4476,3814006872
4477,3814026678
4478,3889925308
4479,3889825467
4480,3889913728
4481,3506983636
4482,3889899016
4483,3889794825
4484,3889850249
4485,105731776
4486,3889842389
4487,3814060220
4488,3814130653
4489,3889811775
4490,3889830035
4491,3889826014
4492,3889855649
4493,3302699314
4494,3889762227
4495,3889875520
4496,3814110853
4497,3814043533
4498,3889898242
4499,3889775127
4500,1342064191
4501,3889830047
4502,3889870072
4503,3889740507
4504,3889866214
4505,3221201274
4506,3889741353
4507,3889717035
4508,3757064779
4509,3814018574
4510,3714179065
4511,3813941652
4512,3889747815
4513,3889863940
4514,3889781837
4515,3814016780
4516,3889853194
4517,3889858336
4518,3889737855
4519,2863523275
4520,3889765121
4521,3814063219
4522,3813894198
4523,3813880878
4524,3889714581
4525,3326331672
4526,3813997333
4527,3889851868
4528,3813921918
4529,3889776083
4530,3889764161
4531,3889739363
4532,3258972164
4533,3889837216
4534,3813910872
4535,3889762283
4536,277453818
4537,3813906912
4538,3889447515
4539,3889749995
4540,2449586089
4541,3813845532
4542,3889813354
4543,3814010113
4544,3889750643
4545,3889738967
4546,3889621383
4547,3353400620
4548,3813937094
4549,3889742663
4550,3813841872
4551,3889732757
4552,3813942733
4553,3881294835
4554,3889780816
4555,3813905834
4556,3889675937
4557,3889719089
4558,3889720937
4559,3813951865
4560,3813826332
4561,3889639155
4562,3889668081
4563,3889682003
4564,3889653573
4565,3889760632
4566,3889770214
4567,3889617993
4568,3889652955
4569,747421368
4570,3889754374
4571,483718887
4572,3813810432
4573,3889688902
4574,3889668797
4575,3813748452
4576,3889720576
4577,3813917413
4578,3889664825
4579,3813835033
4580,3889666415
4581,3889628429
4582,3889666175
4583,3813879613
4584,3889715236
4585,3813865334
4586,3889646243
4587,3813878233
4588,3889595901
4589,3813763278
4590,3889596015
4591,3889507353
4592,3889598295
4593,3813839414
4594,3889680454
4595,3813875533
4596,3889601297
4597,3889574055
4598,3813706032
4599,3889625957
4600,3813868753
4601,3813722712
4602,3813843853
4603,3889667536
4604,2578826240
4605,3889532241
4606,3889613177
4607,3889528695
4608,3889539987
4609,3813828793
4610,3889536255
4611,3813788894
4612,3321640921
4613,3813766394
4614,3221805381
4615,3889647574
4616,3813507012
4617,3813708433
4618,3813657552
4619,3889530213
4620,3813790459
4621,3813707414
4622,3813662172
4623,3889550963
4624,3813685394
4625,1917721566
4626,3797849413
4627,3889591756
4628,3813738313
4629,3889554700
4630,3889478596
4631,3813743173
4632,3813695834
4633,3889467375
4634,3813661394
4635,3813721813
4636,3889434683
4637,3889405773
4638,3889566448
4639,3889506095
4640,3889385673
4641,3212751383
4642,3813717493
4643,3889536142
4644,3813700093
4645,3889428261
4646,3813646034
4647,3889427415
4648,2574389461
4649,3889391860
4650,3813682873
4651,3813537012
4652,3813613694
4653,3813502393
4654,3813554418
4655,3889378227
4656,3813612314
4657,3889397787
4658,3813659065
4659,3813494298
4660,3813585014
4661,3813614173
4662,3889389135
4663,3889385355
4664,3813465072
4665,3889414523
4666,3813510072
4667,63922194
4668,3020281910
4669,3813605959
4670,3813575414
4671,3805726394
4672,3889401173
4673,3433309583
4674,3813440952
4675,3813521354
4676,3888716835
4677,3395466261
4678,3889345587
4679,3813299832
4680,3889320615
4681,3889366469
4682,3889309515
4683,3813402192
4684,3889416094
4685,161359948
4686,3686023397
4687,3813236713
4688,3813491834
4689,222035408
4690,3889285407
4691,3813467186
4692,13074302
4693,3889384768
4694,916868575
4695,3889303097
4696,3889310957
4697,3813389712
4698,3813316872
4699,3889353868
4700,3889263321
4701,3813514933
4702,3813451598
4703,82867959
4704,3889274909
4705,3886520656
4706,3813439094
4707,3813475033
4708,3813407660
4709,3239477022
4710,3889072821
4711,3889350868
4712,3889285997
4713,555628475
4714,3813337872
4715,3889292956
4716,3813613037
4717,3889215159
4718,3813326892
4719,3889309516
4720,3813321978
4721,3889329376
4722,3813430657
4723,3813266292
4724,3889192281
4725,3889237829
4726,3813419533
4727,3889279222
4728,3889083435
4729,3813269832
4730,3889186233
4731,3889177113
4732,2270330357
4733,3884552548
4734,3813274933
4735,3813342494
4736,3813281772
4737,3889167615
4738,3889213949
4739,3813191592
4740,3889281460
4741,122464023
4742,3813258192
4743,3889114095
4744,3813320000
4745,3813227412
4746,279898793
4747,3889249378
4748,3813226212
4749,3813368479
4750,3813196692
4751,399713549
4752,3889139727
4753,2596740780
4754,3889076727
4755,3813355453
4756,3889170515
4757,3382665689
4758,3889229296
4759,3889162757
4760,3813219798
4761,3889201960
4762,3813322159
4763,3888495639
4764,2973854565
4765,3889047087
4766,3889119201
4767,3813261800
4768,3888979889
4769,3813178812
4770,3813168012
4771,3889193656
4772,3812759898
4773,3813237794
4774,3889171792
4775,3813277279
4776,3889142242
4777,3889056501
4778,3813138312
4779,3889183756
4780,2482667463
4781,3813233293
4782,3889069607
4783,3813091812
4784,3813198314
4785,3888985281
4786,3889145848
4787,3889022649
4788,3889145716
4789,3813210253
4790,3888999435
4791,3887948541
4792,3888974895
4793,3889077088
4794,3813207913
4795,3640446796
4796,3889047803
4797,3813131654
4798,3888999809
4799,89242459
4800,3888922395
4801,3813061994
4802,3813091453
4803,3889068448
4804,3888956541
4805,3888961276
4806,3889040902
4807,3888998423
4808,3889031476
4809,3812965824
4810,3812980692
4811,3813045614
4812,3812942712
4813,3813001453
4814,3813001639
4815,3888864321
4816,3888902723
4817,3888986734
4818,3888947909
4819,3888934589
4820,3889009342
4821,3888975922
4822,3888941423
4823,3813015074
4824,3720693736
4825,3888937157
4826,3888992902
4827,3813022513
4828,3888913349
4829,3812968886
4830,3888984622
4831,3813019273
4832,3812971706
4833,3888978430
4834,3812649013
4835,3812895552
4836,3888969928
4837,3812955314
4838,3888852855
4839,3813013093
4840,3888832475
4841,3813011593
4842,3812960894
4843,3888800355
4844,3813006733
4845,3888856763
4846,3888943462
4847,3888840315
4848,3888939856
4849,3888828513
4850,3888915916
4851,3888863177
4852,3888812001
4853,3881464342
4854,3812936714
4855,3888912502
4856,3812972113
4857,3812831892
4858,3812760853
4859,391636807
4860,3812833452
4861,3812946799
4862,3812933233
4863,3812913793
4864,3888862396
4865,3888865834
4866,3888778335
4867,3812792712
4868,3888802037
4869,2254056985
4870,3812911633
4871,3812839334
4872,3812841740
4873,3812837054
4874,3812848399
4875,3812823560
4876,3888788735
4877,3812878573
4878,89229267
4879,3809230392
4880,3888847222
4881,3812888653
4882,3888701895
4883,3812744898
4884,3053218826
4885,3812734152
4886,3888733761
4887,3888776105
4888,3888803836
4889,3812692754
4890,3812703738
4891,3812765114
4892,3888817096
4893,3812720058
4894,3812785994
4895,3888757037
4896,3888687435
4897,3812842873
4898,3812775014
4899,3888677535
4900,3170177254
4901,3888738754
4902,3888715457
4903,3888692525
4904,3888697535
4905,3812682674
4906,3812777239
4907,3812725514
4908,3812743214
4909,3812720054
4910,3888762340
4911,3888689057
4912,3812745194
4913,3888710057
4914,3888654076
4915,3888704543
4916,38615026
4917,3377436320
4918,3877725922
4919,3888729082
4920,3888667864
4921,3812720654
4922,3812610372
4923,3888653417
4924,3812611032
4925,3888652043
4926,3812576652
4927,3888589815
4928,3888649469
4929,3888676642
4930,1490405995
4931,3812663593
4932,3812693053
4933,3888696202
4934,3888629051
4935,3888667834
4936,3811336454
4937,3812675713
4938,3888627269
4939,2743963410
4940,3888677788
4941,3812458452
4942,3812687473
4943,3888614117
4944,3812699551
4945,3888553581
4946,3888605189
4947,3888682774
4948,3812616254
4949,3888588977
4950,241199757
4951,3812608694
4952,3812651113
4953,3888584837
4954,3888593177
4955,3812653453
4956,3888480375
4957,3888561617
4958,1572662174
4959,3335129343
4960,3888504717
4961,3774788894
4962,3812096952
4963,3888552143
4964,3812530640
4965,3888551417
4966,3888495861
4967,3888613576
4968,3888604714
4969,3812524514
4970,3888511589
4971,3888580936
4972,3888600208
4973,3812586319
4974,3888487035
4975,3888236483
4976,3886753037
4977,3888466035
4978,3812546713
4979,3888190997
4980,3888415407
4981,3888481655
4982,3888441495
4983,3888209655
4984,3812482694
4985,3875303789
4986,3812491874
4987,3812376198
4988,777384810
4989,3888411261
4990,3888418883
4991,3888476543
4992,3888469637
4993,3812252172
4994,3888525994
4995,511941669
4996,3812487919
4997,2886248506
4998,2917131132
4999,3888454817
